n,mode,wavl_promotions,wavl_demotions,wavl_rotations,wavl_height,wavl_time,avl_rotations,avl_height,avl_time,rbt_rotations,rbt_recolors,rbt_height,rbt_time
1000,random,2526,0,0,21,0.002674579620361328,715,11,0.004667997360229492,599,3358,11,0.00159454345703125
5000,random,12275,0,0,28,0.01579737663269043,3493,14,0.02199578285217285,2877,16540,14,0.005547523498535156
10000,random,24273,0,0,31,0.01813960075378418,6990,15,0.052881479263305664,5850,33072,15,0.011167287826538086
20000,random,50063,0,0,34,0.04875540733337402,13986,16,0.09709286689758301,11793,66578,17,0.02509617805480957
1000,sequential,499500,0,0,999,0.19740796089172363,990,9,0.0030612945556640625,983,5900,16,0.0013890266418457031
5000,sequential,12497500,0,0,4999,4.816032409667969,4987,12,0.017543792724609375,4978,29875,21,0.006934404373168945
10000,sequential,49995000,0,0,9999,47.42844915390015,9986,13,0.3595774173736572,9976,59865,23,0.1380627155303955
20000,sequential,199990000,0,0,19999,128.3747375011444,19985,14,0.1158900260925293,19974,119855,25,0.03230929374694824
